{"cameraMode":{"drawMode":0,"name":"Shaded","section":"Shading Mode"},"sceneLighting":true,"audioPlay":false,"sceneViewState":{"showFog":true,"showMaterialUpdate":false,"showSkybox":true,"showFlares":true,"showImageEffects":true,"showParticleSystems":true},"in2DMode":false,"pivot":{"x":16.35110855102539,"y":6.384605407714844,"z":225.03211975097657},"rotation":{"x":0.385084331035614,"y":0.04094788059592247,"z":-0.017113475129008294,"w":0.9218199849128723},"size":88.62273406982422,"orthographic":false}